LEVEL	NAME	TAXID	READ_COUNT	TOTAL_BP_MAPPED	ANI_CI95	COVERED_SIG_LEN	BEST_SIG_COV	DEPTH	REL_ABUNDANCE
superkingdom	Bacteria	2	1260518	140707184	0.997430	37530859	0.997717	109.612742	0.789402
superkingdom	Archaea	2157	300039	32937596	0.997295	8908297	0.984516	20.309147	0.146261
superkingdom	Viruses	10239	829	90266	0.997288	60671	0.775294	8.933454	0.064336
phylum	Pseudomonadota	1224	370070	35491457	0.997430	13024862	0.972762	57.786835	0.416166
phylum	Bacteroidota	976	625493	78676110	0.997290	12333315	0.997717	26.021715	0.187402
phylum	Euryarchaeota	28890	219064	24435821	0.996917	6453513	0.984516	14.748377	0.106214
phylum	Bacillota	1239	27543	2724459	0.997114	1478223	0.394416	8.828140	0.063578
phylum	Actinomycetota	201174	71675	6181050	0.997404	3534811	0.503650	7.297877	0.052557
phylum	Nitrososphaerota	651137	80975	8501775	0.997295	2454784	0.946038	5.560769	0.040047
phylum	Campylobacterota	29547	55062	4898380	0.997285	1529361	0.609343	5.044841	0.036332
phylum	Uroviricota	2731618	399	36711	0.997288	20742	0.775294	3.867070	0.027850
phylum	Thermodesulfobacteriota	200940	85368	9983402	0.996930	5337026	0.461888	3.434131	0.024732
phylum	Pisuviricota	2732408	176	22958	0.995605	19373	0.331990	2.048692	0.014754
phylum	Kitrinoviricota	2732406	70	9287	0.996223	4758	0.734760	1.563496	0.011260
phylum	Nitrospirota	40117	22946	2569353	0.995188	151493	0.027827	0.649346	0.004676
phylum	Cossaviricota	2732415	22	2587	0.988154	2399	0.236403	0.558776	0.004024
phylum	Spirochaetota	203691	2063	170700	0.996616	139955	0.108533	0.545225	0.003927
phylum	Preplasmiviricota	2732008	116	14400	0.996519	10424	0.358966	0.495885	0.003571
phylum	Negarnaviricota	2497569	26	3298	0.976559	2476	0.083030	0.334483	0.002409
phylum	Nucleocytoviricota	2732007	6	308	0.803030	276	0.031604	0.053300	0.000384
phylum	Duplornaviricota	2732405	2	177	0.659539	177	0.010170	0.010170	0.000073
phylum	Acanthamoeba castellanii medusavirus - no_g_rank - no_f_rank - no_o_rank - no_c_rank - no_p_rank	Acanthamoeba castellanii medusavirus - no_g_rank - no_f_rank - no_o_rank - no_c_rank - no_p_rank	12	540	0.500770	46	0.000135	0.001582	0.000011
phylum	Cyanobacteriota	1117	54	2328	0.500364	339	0.000045	0.000885	0.000006
phylum	Verrucomicrobiota	74201	48	1676	0.501466	226	0.000078	0.000808	0.000006
phylum	Deinococcota	1297	27	1178	0.500136	83	0.000024	0.000569	0.000004
phylum	Acidobacteriota	57723	32	1314	0.500788	162	0.000057	0.000384	0.000003
phylum	Chlamydiota	204428	10	371	0.500175	38	0.000038	0.000367	0.000003
phylum	Myxococcota	2818505	44	1513	0.500059	223	0.000013	0.000365	0.000003
phylum	Planctomycetota	203682	34	2031	0.500450	347	0.000027	0.000324	0.000002
phylum	Fusobacteriota	32066	15	628	0.500220	59	0.000029	0.000305	0.000002
phylum	Synergistota	508458	11	332	0.500092	62	0.000022	0.000224	0.000002
phylum	Chloroflexota	200795	13	510	0.500187	128	0.000033	0.000178	0.000001
phylum	Nitrospinota	1293497	6	259	0.500101	46	0.000018	0.000103	0.000001
phylum	Mycoplasmatota	544448	2	66	0.500218	33	0.000051	0.000102	0.000001
phylum	Bdellovibrionota	3018035	1	35	0.500043	35	0.000010	0.000010	0.000000
phylum	Gemmatimonadota	142182	1	32	0.500034	32	0.000008	0.000008	0.000000
class	Betaproteobacteria	28216	240750	22346026	0.997430	5415143	0.972762	29.427731	0.211931
class	Gammaproteobacteria	1236	84752	8764196	0.997317	5021733	0.669116	26.425544	0.190310
class	Flavobacteriia	117743	479625	62252696	0.997290	4891795	0.997717	20.862884	0.150249
class	Methanomicrobia	224756	219063	24435790	0.996917	6453482	0.984516	14.748357	0.106214
class	Actinomycetes	1760	71645	6179325	0.997404	3534572	0.503650	7.297057	0.052552
class	Nitrososphaeria	1643678	80975	8501775	0.997295	2454784	0.946038	5.560769	0.040047
class	Bacteroidia	200643	145861	16423177	0.996996	7441345	0.358874	5.158620	0.037151
class	Epsilonproteobacteria	3031852	55062	4898380	0.997285	1529361	0.609343	5.044841	0.036332
class	Bacilli	91061	13507	1383791	0.995157	878933	0.149251	4.420965	0.031839
class	Clostridia	186801	14036	1340668	0.997114	599290	0.394416	4.407175	0.031739
class	Caudoviricetes	2731619	399	36711	0.997288	20742	0.775294	3.867070	0.027850
class	Pisoniviricetes	2732506	170	22468	0.995605	18883	0.331990	1.941752	0.013984
class	Alphaproteobacteria	28211	44484	4375177	0.997257	2587389	0.561993	1.930239	0.013901
class	Desulfovibrionia	3031449	48341	5670535	0.996910	2873039	0.438439	1.909651	0.013753
class	Alsuviricetes	2732461	70	9287	0.996223	4758	0.734760	1.563496	0.011260
class	Desulfuromonadia	3031651	37011	4312242	0.996930	2463815	0.461888	1.524350	0.010978
class	Nitrospiria	203693	22946	2569353	0.995188	151493	0.027827	0.649346	0.004676
class	Spirochaetia	203692	2063	170700	0.996616	139955	0.108533	0.545225	0.003927
class	Tectiliviricetes	2732529	116	14400	0.996519	10424	0.358966	0.495885	0.003571
class	Papovaviricetes	2732421	18	2084	0.988154	1983	0.236403	0.452859	0.003261
class	Monjiviricetes	2497574	24	2998	0.976559	2194	0.083030	0.313161	0.002255
class	Stelpaviricetes	2732507	6	490	0.922335	490	0.106940	0.106940	0.000770
class	Quintoviricetes	2732422	4	503	0.945160	416	0.087597	0.105917	0.000763
class	Pokkesviricetes	2732525	6	308	0.803030	276	0.031604	0.053300	0.000384
class	Insthoviricetes	2497577	2	300	0.795705	282	0.020043	0.021322	0.000154
class	Resentoviricetes	2732459	2	177	0.659539	177	0.010170	0.010170	0.000073
class	Acidithiobacillia	1807140	82	5891	0.507849	471	0.000488	0.003226	0.000023
class	Acanthamoeba castellanii medusavirus - no_g_rank - no_f_rank - no_o_rank - no_c_rank	Acanthamoeba castellanii medusavirus - no_g_rank - no_f_rank - no_o_rank - no_c_rank	12	540	0.500770	46	0.000135	0.001582	0.000011
class	Cyanophyceae	3028117	54	2328	0.500364	339	0.000045	0.000885	0.000006
class	Methylacidimicrobium - no_f_rank - no_o_rank - no_c_rank	Methylacidimicrobium - no_f_rank - no_o_rank - no_c_rank	32	1148	0.501466	144	0.000078	0.000625	0.000005
class	Deinococci	188787	27	1178	0.500136	83	0.000024	0.000569	0.000004
class	Coriobacteriia	84998	9	630	0.500659	144	0.000067	0.000401	0.000003
class	Chlamydiia	204429	10	371	0.500175	38	0.000038	0.000367	0.000003
class	Thermoleophilia	1497346	15	909	0.500167	64	0.000023	0.000326	0.000002
class	Planctomycetia	203683	34	2031	0.500450	347	0.000027	0.000324	0.000002
class	Fusobacteriia	203490	15	628	0.500220	59	0.000029	0.000305	0.000002
class	Holophagae	533205	10	545	0.500788	125	0.000057	0.000249	0.000002
class	Polyangiales - no_c_rank	Polyangiales - no_c_rank	24	863	0.500050	84	0.000011	0.000246	0.000002
class	Synergistia	649775	11	332	0.500092	62	0.000022	0.000224	0.000002
class	Cytophagia	768503	5	164	0.500356	102	0.000088	0.000195	0.000001
class	Verrucomicrobiae	203494	16	528	0.500053	82	0.000012	0.000183	0.000001
class	Terriglobia	204432	22	769	0.500031	37	0.000007	0.000135	0.000001
class	Nitrospinia	1293498	6	259	0.500101	46	0.000018	0.000103	0.000001
class	Mollicutes	31969	2	66	0.500218	33	0.000051	0.000102	0.000001
class	Tepidiformia	2682225	3	142	0.500187	48	0.000033	0.000097	0.000001
class	Hydrogenophilia	2008785	2	167	0.500911	126	0.000071	0.000094	0.000001
class	Rubrobacteria	84995	6	186	0.500062	31	0.000015	0.000092	0.000001
class	Desulfobacteria	3024418	12	465	0.500057	92	0.000009	0.000077	0.000001
class	Caldilineae	475962	9	324	0.500035	36	0.000008	0.000072	0.000001
class	Myxococcia	32015	11	353	0.500059	106	0.000013	0.000068	0.000000
class	Haliangiales - no_c_rank	Haliangiales - no_c_rank	9	297	0.500025	33	0.000006	0.000052	0.000000
class	Desulfobaccia	3031647	2	84	0.500069	42	0.000014	0.000028	0.000000
class	Desulfobulbia	3031451	2	76	0.500057	38	0.000012	0.000024	0.000000
class	Halobacteria	183963	1	31	0.500082	31	0.000020	0.000020	0.000000
class	Bdellovibrionia	3031418	1	35	0.500043	35	0.000010	0.000010	0.000000
class	Chloroflexia	32061	1	44	0.500048	44	0.000009	0.000009	0.000000
class	Chitinophagia	1853228	1	42	0.500047	42	0.000009	0.000009	0.000000
class	Gemmatimonadetes	219685	1	32	0.500034	32	0.000008	0.000008	0.000000
class	Sphingobacteriia	117747	1	31	0.500033	31	0.000008	0.000008	0.000000
order	Flavobacteriales	200644	479625	62252696	0.997290	4891795	0.997717	20.862884	0.150249
order	Nitrosomonadales	32003	118101	11829191	0.997261	2317844	0.972762	18.579730	0.133806
order	Enterobacterales	91347	6669	658962	0.997211	450495	0.669116	13.273485	0.095592
order	Burkholderiales	80840	113185	9686280	0.997430	2989199	0.916631	10.248715	0.073809
order	Methanotrichales	2905377	41045	5265187	0.996739	693754	0.984516	7.471901	0.053811
order	Moraxellales	2887326	25754	2254868	0.980306	484433	0.126357	5.708548	0.041111
order	Pseudomonadales	72274	8235	779612	0.997019	450471	0.208730	5.265225	0.037919
order	Bacteroidales	171549	145861	16423177	0.996996	7441345	0.358874	5.158620	0.037151
order	Campylobacterales	213849	55062	4898380	0.997285	1529361	0.609343	5.044841	0.036332
order	Bifidobacteriales	85004	25370	2481140	0.997110	1286215	0.502053	4.928536	0.035494
order	Methanosarcinales	94695	117470	11073110	0.996825	2893470	0.761568	4.754206	0.034239
order	Lactobacillales	186826	13489	1383080	0.995157	878489	0.149251	4.410675	0.031765
order	Eubacteriales	186802	14034	1340590	0.997114	599248	0.394416	4.407147	0.031739
order	Nitrososphaerales	1033996	63510	6813504	0.997166	1725669	0.946038	3.751377	0.027016
order	Methanomicrobiales	2191	60548	8097493	0.996917	2866258	0.891660	2.522250	0.018165
order	Mycobacteriales	85007	45336	3630528	0.997404	2233134	0.503650	2.325792	0.016750
order	Desulfovibrionales	213115	48341	5670535	0.996910	2873039	0.438439	1.909651	0.013753
order	Nitrosopumilales	31932	17465	1688271	0.997295	729115	0.781105	1.809393	0.013031
order	Straboviridae - no_o_rank	Straboviridae - no_o_rank	45	3966	0.996498	1977	0.775294	1.555294	0.011201
order	Hyphomicrobiales	356	42620	4210185	0.997257	2472392	0.561993	1.555147	0.011200
order	Geobacterales	3031668	37011	4312242	0.996930	2463815	0.461888	1.524350	0.010978
order	Martellivirales	2732544	66	8767	0.996223	4327	0.734760	1.488708	0.010721
order	Picornavirales	464095	72	10489	0.995605	8381	0.331990	1.451350	0.010452
order	Phikzvirus - no_f_rank - no_o_rank	Phikzvirus - no_f_rank - no_o_rank	155	14523	0.996496	7688	0.704739	1.331286	0.009588
order	Legionellales	118969	22447	3029694	0.996993	2427038	0.194523	1.051178	0.007570
order	Obolenskvirus - no_f_rank - no_o_rank	Obolenskvirus - no_f_rank - no_o_rank	181	16932	0.997288	10714	0.589556	0.931712	0.006710
order	Oceanospirillales	135619	20454	1945014	0.997317	1195242	0.548436	0.896030	0.006453
order	Nitrospirales	189778	22946	2569353	0.995188	151493	0.027827	0.649346	0.004676
order	Rhodocyclales	206389	9177	812181	0.960954	103957	0.018751	0.589031	0.004242
order	Spirochaetales	136	2063	170700	0.996616	139955	0.108533	0.545225	0.003927
order	Rowavirales	2732559	116	14400	0.996519	10424	0.358966	0.495885	0.003571
order	Nidovirales	76804	98	11979	0.995037	10502	0.225358	0.490402	0.003532
order	Caulobacterales	204458	1704	156590	0.991716	113139	0.086286	0.371639	0.002676
order	Sepolyvirales	2732532	12	1449	0.988154	1404	0.236403	0.365645	0.002633
order	Mononegavirales	11157	24	2998	0.976559	2194	0.083030	0.313161	0.002255
order	Aeromonadales	135624	88	6502	0.720224	1048	0.008564	0.126563	0.000911
order	Stellavirales	2732551	6	490	0.922335	490	0.106940	0.106940	0.000770
order	Piccovirales	2732534	4	503	0.945160	416	0.087597	0.105917	0.000763
order	Zurhausenvirales	2732533	6	635	0.957158	579	0.079522	0.087213	0.000628
order	Xanthomonadales	135614	635	61817	0.918467	8267	0.007546	0.083900	0.000604
order	Hepelivirales	2732543	4	520	0.932126	431	0.061988	0.074788	0.000539
order	Chitovirales	2732527	6	308	0.803030	276	0.031604	0.053300	0.000384
order	Micrococcales	85006	723	56374	0.757523	12174	0.002306	0.036971	0.000266
order	Crassvirales	1978007	14	1062	0.608940	200	0.005482	0.029109	0.000210
order	Articulavirales	2499411	2	300	0.795705	282	0.020043	0.021322	0.000154
order	Vividuovirus - no_f_rank - no_o_rank	Vividuovirus - no_f_rank - no_o_rank	1	30	0.554964	30	0.015814	0.015814	0.000114
order	Bacillales	1385	18	711	0.541928	444	0.008476	0.010290	0.000074
order	Reovirales	2732541	2	177	0.659539	177	0.010170	0.010170	0.000073
order	Alteromonadales	135622	23	1787	0.614810	520	0.002642	0.009570	0.000069
order	Neisseriales	206351	218	12840	0.514845	2442	0.000459	0.008015	0.000058
order	Chromatiales	135613	143	9915	0.540334	1902	0.000469	0.004800	0.000035
order	Propionibacteriales	85009	149	8129	0.512463	2042	0.000174	0.003726	0.000027
order	Eponavirus - no_f_rank - no_o_rank	Eponavirus - no_f_rank - no_o_rank	2	168	0.523028	103	0.002213	0.003609	0.000026
order	Acidithiobacillales	225057	82	5891	0.507849	471	0.000488	0.003226	0.000023
order	Methylococcales	135618	90	5665	0.505924	800	0.000204	0.002872	0.000021
order	Ferrovales	1442155	58	5157	0.589786	1629	0.000670	0.002122	0.000015
order	Sphingomonadales	204457	49	2687	0.501876	494	0.000105	0.001619	0.000012
order	Acanthamoeba castellanii medusavirus - no_g_rank - no_f_rank - no_o_rank	Acanthamoeba castellanii medusavirus - no_g_rank - no_f_rank - no_o_rank	12	540	0.500770	46	0.000135	0.001582	0.000011
order	Rhodospirillales	204441	71	3905	0.501068	916	0.000063	0.001254	0.000009
order	Cellvibrionales	1706369	87	5612	0.515103	817	0.000162	0.001208	0.000009
order	Kitasatosporales	85011	19	1222	0.504156	536	0.000271	0.001137	0.000008
order	Methylacidimicrobium - no_f_rank - no_o_rank	Methylacidimicrobium - no_f_rank - no_o_rank	32	1148	0.501466	144	0.000078	0.000625	0.000005
order	Acidiferrobacterales	1692040	32	1153	0.500697	222	0.000053	0.000621	0.000004
order	Deinococcales	118964	27	1178	0.500136	83	0.000024	0.000569	0.000004
order	Synechococcales	1890424	19	1179	0.500364	196	0.000045	0.000568	0.000004
order	Celerinatantimonadaceae - no_o_rank	Celerinatantimonadaceae - no_o_rank	56	1827	0.500163	66	0.000019	0.000525	0.000004
order	Actinomycetales	2037	18	589	0.500404	159	0.000051	0.000442	0.000003
order	Eggerthellales	1643822	9	630	0.500659	144	0.000067	0.000401	0.000003
order	Chlamydiales	51291	10	371	0.500175	38	0.000038	0.000367	0.000003
order	Solirubrobacterales	588673	15	909	0.500167	64	0.000023	0.000326	0.000002
order	Orbales	1240482	12	625	0.500171	55	0.000028	0.000313	0.000002
order	Fusobacteriales	203491	15	628	0.500220	59	0.000029	0.000305	0.000002
order	Candidatus Thioglobus - no_f_rank - no_o_rank	Candidatus Thioglobus - no_f_rank - no_o_rank	12	387	0.500124	35	0.000027	0.000303	0.000002
order	Sneathiellales	510684	21	1093	0.500111	94	0.000016	0.000293	0.000002
order	Pirellulales	2691354	30	1845	0.500450	238	0.000027	0.000286	0.000002
order	Rhodobacterales	204455	17	619	0.500188	256	0.000021	0.000250	0.000002
order	Holophagales	574975	10	545	0.500788	125	0.000057	0.000249	0.000002
order	Polyangiales	3031712	24	863	0.500050	84	0.000011	0.000246	0.000002
order	Vibrio phage PWH3a-P1 - no_g_rank - no_f_rank - no_o_rank	Vibrio phage PWH3a-P1 - no_g_rank - no_f_rank - no_o_rank	1	30	0.500953	30	0.000244	0.000244	0.000002
order	Cardiobacteriales	135615	2	273	0.501703	137	0.000119	0.000238	0.000002
order	Jatrophihabitantales	2805415	8	603	0.500679	132	0.000049	0.000226	0.000002
order	Synergistales	649776	11	332	0.500092	62	0.000022	0.000224	0.000002
order	Cytophagales	768507	5	164	0.500356	102	0.000088	0.000195	0.000001
order	Verrucomicrobiales	48461	16	528	0.500053	82	0.000012	0.000183	0.000001
order	Gloeomargaritales	1955042	15	451	0.500046	31	0.000011	0.000166	0.000001
order	Terriglobales	204433	22	769	0.500031	37	0.000007	0.000135	0.000001
order	Casimicrobiaceae - no_o_rank	Casimicrobiaceae - no_o_rank	11	377	0.500211	72	0.000023	0.000119	0.000001
order	Nitrospinales	1293499	6	259	0.500101	46	0.000018	0.000103	0.000001
order	Mycoplasmatales	2085	2	66	0.500218	33	0.000051	0.000102	0.000001
order	Pseudonocardiales	85010	12	380	0.500070	74	0.000014	0.000102	0.000001
order	Tepidiformales	2682226	3	142	0.500187	48	0.000033	0.000097	0.000001
order	Hydrogenophilales	119069	2	167	0.500911	126	0.000071	0.000094	0.000001
order	Rubrobacterales	84996	6	186	0.500062	31	0.000015	0.000092	0.000001
order	Nostocales	1161	15	465	0.500036	63	0.000009	0.000091	0.000001
order	Nevskiales	1775403	7	249	0.500077	74	0.000015	0.000084	0.000001
order	Desulfobacterales	213118	12	465	0.500057	92	0.000009	0.000077	0.000001
order	Caldilineales	475963	9	324	0.500035	36	0.000008	0.000072	0.000001
order	Myxococcales	29	11	353	0.500059	106	0.000013	0.000068	0.000000
order	Streptosporangiales	85012	5	205	0.500071	41	0.000013	0.000067	0.000000
order	Gloeobacterales	307595	5	233	0.500075	49	0.000013	0.000060	0.000000
order	Salinisphaerales	742030	5	154	0.500043	31	0.000011	0.000053	0.000000
order	Haliangiales	3031714	9	297	0.500025	33	0.000006	0.000052	0.000000
order	Frankiales	85013	4	120	0.500037	30	0.000009	0.000038	0.000000
order	Gemmatales	2691355	3	136	0.500087	59	0.000013	0.000030	0.000000
order	Desulfobaccales	3031655	2	84	0.500069	42	0.000014	0.000028	0.000000
order	Moorellales	3039167	2	78	0.500073	42	0.000015	0.000028	0.000000
order	Candidatus Reidiella - no_f_rank - no_o_rank	Candidatus Reidiella - no_f_rank - no_o_rank	1	80	0.500212	80	0.000027	0.000027	0.000000
order	Maricaulales	2800059	1	68	0.500190	68	0.000027	0.000027	0.000000
order	Desulfobulbales	3024411	2	76	0.500057	38	0.000012	0.000024	0.000000
order	Micromonosporales	85008	1	35	0.500097	35	0.000021	0.000021	0.000000
order	Haloferacales	1644055	1	31	0.500082	31	0.000020	0.000020	0.000000
order	Bdellovibrionales	213481	1	35	0.500043	35	0.000010	0.000010	0.000000
order	Emcibacterales	2066490	1	30	0.500038	30	0.000010	0.000010	0.000000
order	Chloroflexales	32064	1	44	0.500048	44	0.000009	0.000009	0.000000
order	Chitinophagales	1853229	1	42	0.500047	42	0.000009	0.000009	0.000000
order	Gemmatimonadales	219686	1	32	0.500034	32	0.000008	0.000008	0.000000
order	Sphingobacteriales	200666	1	31	0.500033	31	0.000008	0.000008	0.000000
order	Planctomycetales	112	1	50	0.500041	50	0.000007	0.000007	0.000000
family	Nitrosomonadaceae	206379	64620	6661765	0.997042	399217	0.972762	16.282656	0.117263
family	Parvicellaceae	2975259	414470	56147605	0.996983	3696179	0.997717	15.156042	0.109150
family	Enterobacteriaceae	543	6649	657993	0.997211	449934	0.669116	13.272800	0.095587
family	Comamonadaceae	80864	92479	8003126	0.997430	1981647	0.916631	9.323056	0.067142
family	Methanotrichaceae	143067	41045	5265187	0.996739	693754	0.984516	7.471901	0.053811
family	Moraxellaceae	468	25754	2254868	0.980306	484433	0.126357	5.708548	0.041111
family	Flavobacteriaceae	49546	65155	6105091	0.997290	1195616	0.743448	5.706841	0.041099
family	Pseudomonadaceae	135621	8231	779415	0.997019	450352	0.208730	5.265165	0.037918
family	Bacteroidaceae	815	145858	16423072	0.996996	7441310	0.358874	5.158577	0.037151
family	Arcobacteraceae	2808963	55032	4897197	0.997285	1528848	0.609343	5.033706	0.036251
family	Bifidobacteriaceae	31953	25370	2481140	0.997110	1286215	0.502053	4.928536	0.035494
family	Methanosarcinaceae	2206	117470	11073110	0.996825	2893470	0.761568	4.754206	0.034239
family	Enterococcaceae	81852	13486	1382925	0.995157	878334	0.149251	4.410541	0.031764
family	Nitrososphaeraceae	1033997	63510	6813504	0.997166	1725669	0.946038	3.751377	0.027016
family	Clostridiaceae	31979	10489	1011754	0.997114	492275	0.394416	3.065574	0.022077
family	Methanospirillaceae	196137	60548	8097493	0.996917	2866258	0.891660	2.522250	0.018165
family	Sterolibacteriaceae	2008793	53301	5158812	0.997261	1917053	0.845673	2.293423	0.016517
family	Desulfovibrionaceae	194924	48341	5670535	0.996910	2873039	0.438439	1.909651	0.013753
family	Nitrosopumilaceae	338190	17465	1688271	0.997295	729115	0.781105	1.809393	0.013031
family	Straboviridae	2946170	45	3966	0.996498	1977	0.775294	1.555294	0.011201
family	Nitrobacteraceae	41294	42529	4206317	0.997257	2471563	0.561993	1.551524	0.011174
family	Geobacteraceae	213422	37011	4312242	0.996930	2463815	0.461888	1.524350	0.010978
family	Virgaviridae	675071	66	8767	0.996223	4327	0.734760	1.488708	0.010721
family	Oscillospiraceae	216572	3444	316693	0.990743	102920	0.130087	1.337644	0.009633
family	Phikzvirus - no_f_rank	Phikzvirus - no_f_rank	155	14523	0.996496	7688	0.704739	1.331286	0.009588
family	Gordoniaceae	85026	30694	2479353	0.997404	1379230	0.503650	1.326309	0.009552
family	Legionellaceae	444	22447	3029694	0.996993	2427038	0.194523	1.051178	0.007570
family	Mycobacteriaceae	1762	14584	1148781	0.996984	853316	0.152737	0.997953	0.007187
family	Obolenskvirus - no_f_rank	Obolenskvirus - no_f_rank	181	16932	0.997288	10714	0.589556	0.931712	0.006710
family	Halomonadaceae	28256	20410	1941993	0.997317	1194041	0.548436	0.895099	0.006446
family	Sphaerotilaceae	2975441	19753	1618780	0.997278	998442	0.527772	0.857066	0.006172
family	Picornaviridae	12058	36	5230	0.985253	4635	0.154840	0.743068	0.005351
family	Caliciviridae	11974	36	5259	0.995605	3746	0.331990	0.708282	0.005101
family	Nitrospiraceae	189779	22946	2569353	0.995188	151493	0.027827	0.649346	0.004676
family	Treponemataceae	2845253	2063	170700	0.996616	139955	0.108533	0.545225	0.003927
family	Adenoviridae	10508	116	14400	0.996519	10424	0.358966	0.495885	0.003571
family	Coronaviridae	11118	98	11979	0.995037	10502	0.225358	0.490402	0.003532
family	Zoogloeaceae	2008794	6281	579532	0.960954	75906	0.018751	0.462180	0.003328
family	Caulobacteraceae	76892	1704	156590	0.991716	113139	0.086286	0.371639	0.002676
family	Polyomaviridae	151341	12	1449	0.988154	1404	0.236403	0.365645	0.002633
family	Pneumoviridae	11244	14	1565	0.976559	1172	0.083030	0.214225	0.001543
family	Aeromonadaceae	84642	88	6502	0.720224	1048	0.008564	0.126563	0.000911
family	Astroviridae	39733	6	490	0.922335	490	0.106940	0.106940	0.000770
family	Parvoviridae	10780	4	503	0.945160	416	0.087597	0.105917	0.000763
family	Paramyxoviridae	11158	10	1433	0.971416	1022	0.070561	0.098937	0.000713
family	Papillomaviridae	151340	6	635	0.957158	579	0.079522	0.087213	0.000628
family	Xanthomonadaceae	32033	570	57035	0.918467	7912	0.007546	0.082709	0.000596
family	Hepeviridae	291484	4	520	0.932126	431	0.061988	0.074788	0.000539
family	Azonexaceae	2008795	1644	137575	0.813979	16282	0.002036	0.064499	0.000465
family	Rhodocyclaceae	75787	1248	94843	0.748774	11650	0.001910	0.062229	0.000448
family	Poxviridae	10240	6	308	0.803030	276	0.031604	0.053300	0.000384
family	Alcaligenaceae	506	394	35266	0.613930	4530	0.004562	0.048801	0.000351
family	Intestiviridae	2942964	14	1062	0.608940	200	0.005482	0.029109	0.000210
family	Intrasporangiaceae	85021	412	33342	0.757523	7221	0.002306	0.023154	0.000167
family	Orthomyxoviridae	11308	2	300	0.795705	282	0.020043	0.021322	0.000154
family	Vividuovirus - no_f_rank	Vividuovirus - no_f_rank	1	30	0.554964	30	0.015814	0.015814	0.000114
family	Burkholderiaceae	119060	329	19775	0.585986	2978	0.001281	0.014991	0.000108
family	Campylobacteraceae	72294	8	445	0.538988	445	0.004792	0.010566	0.000076
family	Sedoreoviridae	2946186	2	177	0.659539	177	0.010170	0.010170	0.000073
family	Staphylococcaceae	90964	4	244	0.541928	244	0.008476	0.010167	0.000073
family	Shewanellaceae	267890	22	1751	0.614810	484	0.002642	0.009560	0.000069
family	Microbacteriaceae	85023	149	14360	0.560899	2536	0.000512	0.007977	0.000057
family	Chromobacteriaceae	1499392	77	5482	0.514845	1120	0.000459	0.004816	0.000035
family	Ectothiorhodospiraceae	72276	97	7634	0.540334	1416	0.000469	0.003975	0.000029
family	Eponavirus - no_f_rank	Eponavirus - no_f_rank	2	168	0.523028	103	0.002213	0.003609	0.000026
family	Lachnospiraceae	186803	87	10965	0.713061	3622	0.001070	0.003421	0.000025
family	Acidithiobacillaceae	225058	82	5891	0.507849	471	0.000488	0.003226	0.000023
family	Rhizobiaceae	82115	31	1600	0.502994	303	0.000537	0.002852	0.000021
family	Methylococcaceae	403	88	5604	0.505924	769	0.000204	0.002833	0.000020
family	Micrococcaceae	1268	62	3782	0.504085	970	0.000188	0.002519	0.000018
family	Nocardioidaceae	85015	81	3529	0.501176	922	0.000068	0.002168	0.000016
family	Ferrovaceae	1442156	58	5157	0.589786	1629	0.000670	0.002122	0.000015
family	Gallionellaceae	90627	80	4292	0.505436	703	0.000165	0.001935	0.000014
family	Acanthamoeba castellanii medusavirus - no_g_rank - no_f_rank	Acanthamoeba castellanii medusavirus - no_g_rank - no_f_rank	12	540	0.500770	46	0.000135	0.001582	0.000011
family	Sulfuricellaceae	2772226	88	3772	0.505004	574	0.000142	0.001486	0.000011
family	Aquaspirillaceae	2897176	39	3553	0.509242	540	0.000182	0.001484	0.000011
family	Oxalobacteraceae	75682	74	3592	0.502042	1073	0.000080	0.001445	0.000010
family	Propionibacteriaceae	31957	61	4184	0.512463	993	0.000174	0.001441	0.000010
family	Tepidimonas - no_f_rank	Tepidimonas - no_f_rank	56	1695	0.500397	63	0.000049	0.001305	0.000009
family	Cellvibrionaceae	1706371	87	5612	0.515103	817	0.000162	0.001208	0.000009
family	Rhodanobacteraceae	1775411	65	4782	0.501115	355	0.000048	0.001191	0.000009
family	Corynebacteriaceae	1653	37	1533	0.500531	345	0.000064	0.001152	0.000008
family	Streptomycetaceae	2062	19	1222	0.504156	536	0.000271	0.001137	0.000008
family	Chitinibacteraceae	2897177	71	2619	0.502482	551	0.000093	0.001074	0.000008
family	Thiomonas - no_f_rank	Thiomonas - no_f_rank	41	1444	0.500428	114	0.000056	0.001019	0.000007
family	Dermacoccaceae	145357	33	1350	0.501699	304	0.000104	0.000981	0.000007
family	Sphingomonadaceae	41297	31	1789	0.501876	366	0.000105	0.000929	0.000007
family	Ornithinimicrobiaceae	2805590	29	1521	0.502004	522	0.000094	0.000915	0.000007
family	Oceanospirillaceae	135620	32	2637	0.527740	1104	0.000304	0.000836	0.000006
family	Erythrobacteraceae	335929	18	898	0.501492	128	0.000098	0.000690	0.000005
family	Rhodospirillaceae	41295	27	1896	0.501068	539	0.000061	0.000667	0.000005
family	Neisseriaceae	481	31	1186	0.500542	231	0.000042	0.000641	0.000005
family	Methylacidimicrobium - no_f_rank	Methylacidimicrobium - no_f_rank	32	1148	0.501466	144	0.000078	0.000625	0.000005
family	Acidiferrobacteraceae	1692041	32	1153	0.500697	222	0.000053	0.000621	0.000004
family	Deinococcaceae	183710	27	1178	0.500136	83	0.000024	0.000569	0.000004
family	Acetobacteraceae	433	42	1916	0.500746	328	0.000063	0.000561	0.000004
family	Celerinatantimonadaceae	412032	56	1827	0.500163	66	0.000019	0.000525	0.000004
family	Chromatiaceae	1046	31	1744	0.501282	296	0.000095	0.000466	0.000003
family	Helicobacteraceae	72293	13	468	0.500180	38	0.000037	0.000452	0.000003
family	Synechococcaceae	1890426	15	991	0.500364	88	0.000040	0.000450	0.000003
family	Brevibacteriaceae	85019	10	648	0.501819	187	0.000106	0.000448	0.000003
family	Actinomycetaceae	2049	18	589	0.500404	159	0.000051	0.000442	0.000003
family	Paucibacter - no_f_rank	Paucibacter - no_f_rank	23	1216	0.500557	121	0.000040	0.000404	0.000003
family	Eggerthellaceae	1643826	9	630	0.500659	144	0.000067	0.000401	0.000003
family	Dermabacteraceae	85020	10	505	0.500237	51	0.000039	0.000384	0.000003
family	Nocardiaceae	85025	21	861	0.501202	243	0.000175	0.000377	0.000003
family	Erwiniaceae	1903409	8	450	0.500677	394	0.000113	0.000376	0.000003
family	Chlamydiaceae	809	10	371	0.500175	38	0.000038	0.000367	0.000003
family	Massilistercora - no_f_rank	Massilistercora - no_f_rank	6	789	0.502147	208	0.000097	0.000367	0.000003
family	Aquabacterium - no_f_rank	Aquabacterium - no_f_rank	17	544	0.500086	32	0.000021	0.000350	0.000003
family	Capillimicrobiaceae	2976758	15	909	0.500167	64	0.000023	0.000326	0.000002
family	Orbaceae	1240483	12	625	0.500171	55	0.000028	0.000313	0.000002
family	Haliovirgaceae	3072461	15	628	0.500220	59	0.000029	0.000305	0.000002
family	Candidatus Thioglobus - no_f_rank	Candidatus Thioglobus - no_f_rank	12	387	0.500124	35	0.000027	0.000303	0.000002
family	Sneathiellaceae	510685	21	1093	0.500111	94	0.000016	0.000293	0.000002
family	Xanthobacteraceae	335928	18	869	0.500241	80	0.000025	0.000270	0.000002
family	Cellulomonadaceae	85016	8	319	0.500210	78	0.000048	0.000255	0.000002
family	Holophagaceae	574976	10	545	0.500788	125	0.000057	0.000249	0.000002
family	Polyangiaceae	49	24	863	0.500050	84	0.000011	0.000246	0.000002
family	Vibrio phage PWH3a-P1 - no_g_rank - no_f_rank	Vibrio phage PWH3a-P1 - no_g_rank - no_f_rank	1	30	0.500953	30	0.000244	0.000244	0.000002
family	Cardiobacteriaceae	868	2	273	0.501703	137	0.000119	0.000238	0.000002
family	Jatrophihabitantaceae	2805416	8	603	0.500679	132	0.000049	0.000226	0.000002
family	Phyllobacteriaceae	69277	21	630	0.500046	60	0.000012	0.000213	0.000002
family	Paracoccaceae	31989	15	504	0.500076	141	0.000017	0.000210	0.000002
family	Yersiniaceae	1903411	8	384	0.500248	62	0.000033	0.000205	0.000001
family	Synergistaceae	649777	10	300	0.500079	30	0.000020	0.000202	0.000001
family	Thiohalobacter - no_f_rank	Thiohalobacter - no_f_rank	2	118	0.500663	59	0.000100	0.000200	0.000001
family	Lacipirellulaceae	2691359	11	1048	0.500450	151	0.000027	0.000189	0.000001
family	Hymenobacteraceae	1853232	3	100	0.500356	69	0.000088	0.000186	0.000001
family	Verrucomicrobiaceae	203557	16	528	0.500053	82	0.000012	0.000183	0.000001
family	Gloeomargaritaceae	1955043	15	451	0.500046	31	0.000011	0.000166	0.000001
family	Methylobacteriaceae	119045	10	365	0.500094	132	0.000017	0.000148	0.000001
family	Rhizobacter - no_f_rank	Rhizobacter - no_f_rank	13	390	0.500041	60	0.000010	0.000136	0.000001
family	Acidobacteriaceae	204434	22	769	0.500031	37	0.000007	0.000135	0.000001
family	Lactobacillaceae	33958	3	155	0.500500	155	0.000080	0.000134	0.000001
family	Fluviibacteraceae	2808923	4	231	0.500807	119	0.000063	0.000123	0.000001
family	Casimicrobiaceae	2705999	11	377	0.500211	72	0.000023	0.000119	0.000001
family	Beutenbergiaceae	125316	3	240	0.500630	108	0.000053	0.000118	0.000001
family	Usitatibacteraceae	2803844	7	290	0.500392	120	0.000037	0.000118	0.000001
family	Promicromonosporaceae	85017	2	116	0.501462	116	0.000117	0.000117	0.000001
family	Sulfurospirillaceae	2932623	9	270	0.500051	30	0.000013	0.000117	0.000001
family	Nitrospinaceae	407032	6	259	0.500101	46	0.000018	0.000103	0.000001
family	Mycoplasmataceae	2092	2	66	0.500218	33	0.000051	0.000102	0.000001
family	Pseudonocardiaceae	2070	12	380	0.500070	74	0.000014	0.000102	0.000001
family	Eleftheria - no_f_rank	Eleftheria - no_f_rank	4	356	0.500235	89	0.000025	0.000102	0.000001
family	Eubacteriaceae	186806	4	225	0.501016	141	0.000063	0.000100	0.000001
family	Pirellulaceae	2691357	19	797	0.500028	87	0.000005	0.000097	0.000001
family	Tepidiformaceae	2682227	3	142	0.500187	48	0.000033	0.000097	0.000001
family	Hydrogenophilaceae	206349	2	167	0.500911	126	0.000071	0.000094	0.000001
family	Rubrobacteraceae	84997	6	186	0.500062	31	0.000015	0.000092	0.000001
family	Pectobacteriaceae	1903410	2	75	0.500293	75	0.000066	0.000084	0.000001
family	Methylophilaceae	32011	3	196	0.500226	145	0.000031	0.000083	0.000001
family	Calotrichaceae	2661849	14	433	0.500024	31	0.000006	0.000082	0.000001
family	Actinopolymorphaceae	2805400	5	295	0.500139	66	0.000018	0.000082	0.000001
family	Desulfosarcinaceae	3031624	12	465	0.500057	92	0.000009	0.000077	0.000001
family	Acaryochloridaceae	1890429	2	106	0.500336	66	0.000045	0.000072	0.000001
family	Caldilineaceae	475964	9	324	0.500035	36	0.000008	0.000072	0.000001
family	Pleioneaceae	2823145	9	289	0.500035	33	0.000008	0.000072	0.000001
family	Woeseiaceae	1738654	8	248	0.500140	62	0.000017	0.000070	0.000001
family	Paenibacillaceae	186822	9	307	0.500091	104	0.000010	0.000069	0.000000
family	Nevskiaceae	568386	6	210	0.500052	35	0.000011	0.000069	0.000000
family	Thioalkalibacteraceae	2035710	3	105	0.500098	35	0.000022	0.000067	0.000000
family	Thermomonosporaceae	2012	5	205	0.500071	41	0.000013	0.000067	0.000000
family	Marinobacteraceae	2887365	4	197	0.500223	119	0.000025	0.000060	0.000000
family	Gloeobacteraceae	1890422	5	233	0.500075	49	0.000013	0.000060	0.000000
family	Sanguibacteraceae	145360	3	111	0.500088	37	0.000019	0.000058	0.000000
family	Aurantimonadaceae	255475	2	112	0.500343	112	0.000040	0.000055	0.000000
family	Salinisphaeraceae	742031	5	154	0.500043	31	0.000011	0.000053	0.000000
family	Amorphaceae	2685818	6	180	0.500034	30	0.000009	0.000052	0.000000
family	Kofleriaceae	224464	9	297	0.500025	33	0.000006	0.000052	0.000000
family	Luteimicrobium - no_f_rank	Luteimicrobium - no_f_rank	2	80	0.500131	44	0.000025	0.000045	0.000000
family	Prochlorococcaceae	2881426	2	82	0.500110	42	0.000023	0.000045	0.000000
family	Barnesiellaceae	2005519	3	105	0.500061	35	0.000014	0.000042	0.000000
family	Archangiaceae	39	9	281	0.500027	70	0.000006	0.000041	0.000000
family	Eubacteriales Family XIII. Incertae Sedis	543314	4	164	0.500049	82	0.000010	0.000041	0.000000
family	Roseobacteraceae	2854170	2	115	0.500188	115	0.000021	0.000040	0.000000
family	Methylothermaceae	1486721	2	61	0.500080	31	0.000020	0.000039	0.000000
family	Xylophilus - no_f_rank	Xylophilus - no_f_rank	2	96	0.500114	50	0.000020	0.000038	0.000000
family	Frankiaceae	74712	4	120	0.500037	30	0.000009	0.000038	0.000000
family	Listeriaceae	186820	3	97	0.500055	33	0.000013	0.000037	0.000000
family	Kribbellaceae	2726069	2	121	0.500105	61	0.000018	0.000035	0.000000
family	Gemmataceae	1914233	3	136	0.500087	59	0.000013	0.000030	0.000000
family	Thiobacillaceae	2008790	2	64	0.500060	32	0.000014	0.000029	0.000000
family	Desulfobaccaceae	3031656	2	84	0.500069	42	0.000014	0.000028	0.000000
family	Moorellaceae	3039168	2	78	0.500073	42	0.000015	0.000028	0.000000
family	Candidatus Reidiella - no_f_rank	Candidatus Reidiella - no_f_rank	1	80	0.500212	80	0.000027	0.000027	0.000000
family	Maricaulaceae	2800061	1	68	0.500190	68	0.000027	0.000027	0.000000
family	Myxococcaceae	31	2	72	0.500059	36	0.000013	0.000027	0.000000
family	Geminicoccaceae	2066434	2	93	0.500076	49	0.000014	0.000026	0.000000
family	Desulfobulbaceae	213121	2	76	0.500057	38	0.000012	0.000024	0.000000
family	Wenzhouxiangellaceae	1676141	2	66	0.500051	34	0.000012	0.000022	0.000000
family	Dethiosulfovibrionaceae	3029088	1	32	0.500092	32	0.000022	0.000022	0.000000
family	Micromonosporaceae	28056	1	35	0.500097	35	0.000021	0.000021	0.000000
family	Haloferacaceae	1644056	1	31	0.500082	31	0.000020	0.000020	0.000000
family	Budviciaceae	1903416	2	60	0.500039	30	0.000010	0.000020	0.000000
family	Hahellaceae	224379	2	63	0.500040	32	0.000010	0.000019	0.000000
family	Steroidobacteraceae	2689614	1	39	0.500077	39	0.000015	0.000015	0.000000
family	Stappiaceae	2821832	1	51	0.500069	51	0.000012	0.000012	0.000000
family	Parvibaculaceae	2813035	1	31	0.500048	31	0.000012	0.000012	0.000000
family	Alicyclobacillaceae	186823	1	32	0.500043	32	0.000010	0.000010	0.000000
family	Colwelliaceae	267889	1	36	0.500045	36	0.000010	0.000010	0.000000
family	Pseudobdellovibrionaceae	213483	1	35	0.500043	35	0.000010	0.000010	0.000000
family	Emcibacteraceae	2066491	1	30	0.500038	30	0.000010	0.000010	0.000000
family	Chloroflexaceae	1106	1	44	0.500048	44	0.000009	0.000009	0.000000
family	Chitinophagaceae	563835	1	42	0.500047	42	0.000009	0.000009	0.000000
family	Methylocystaceae	31993	1	30	0.500035	30	0.000009	0.000009	0.000000
family	Nostocaceae	1162	1	32	0.500036	32	0.000009	0.000009	0.000000
family	Fulvivirgaceae	2762286	2	64	0.500019	33	0.000004	0.000008	0.000000
family	Gemmatimonadaceae	219687	1	32	0.500034	32	0.000008	0.000008	0.000000
family	Sphingobacteriaceae	84566	1	31	0.500033	31	0.000008	0.000008	0.000000
family	Planctomycetaceae	126	1	50	0.500041	50	0.000007	0.000007	0.000000
family	Bacillaceae	186817	1	31	0.500025	31	0.000006	0.000006	0.000000
family	Zooshikellaceae	2898533	1	32	0.500022	32	0.000005	0.000005	0.000000
genus	Nitrosomonas	914	64583	6660500	0.997042	399112	0.972762	16.282205	0.117260
genus	Parvicella	2975260	414470	56147605	0.996983	3696179	0.997717	15.156042	0.109150
genus	Comamonas	283	64452	5458424	0.997430	725129	0.916631	7.797930	0.056159
genus	Methanothrix	2222	41045	5265187	0.996739	693754	0.984516	7.471901	0.053811
genus	Escherichia	561	5963	591050	0.994360	415597	0.096728	7.172132	0.051652
genus	Acinetobacter	469	25753	2254831	0.980306	484396	0.126357	5.708537	0.041111
genus	Flavobacterium	237	65146	6104754	0.997290	1195474	0.743448	5.706524	0.041097
genus	Pseudomonas	286	8121	772380	0.997019	449319	0.208730	5.258839	0.037873
genus	Bacteroides	816	145858	16423072	0.996996	7441310	0.358874	5.158577	0.037151
genus	Aliarcobacter	2321111	55031	4897159	0.997285	1528810	0.609343	5.033682	0.036251
genus	Bifidobacterium	1678	25370	2481140	0.997110	1286215	0.502053	4.928536	0.035494
genus	Methanosarcina	2207	117470	11073110	0.996825	2893470	0.761568	4.754206	0.034239
genus	Klebsiella	570	327	33294	0.996812	13040	0.669116	4.468771	0.032183
genus	Enterococcus	1350	13486	1382925	0.995157	878334	0.149251	4.410541	0.031764
genus	Nitrososphaera	497726	63510	6813504	0.997166	1725669	0.946038	3.751377	0.027016
genus	Clostridium	1485	10482	1011439	0.997114	492158	0.394416	3.065521	0.022077
genus	Methanospirillum	2202	60548	8097493	0.996917	2866258	0.891660	2.522250	0.018165
genus	Sulfuritalea	1054211	52374	5088082	0.997261	1906123	0.845673	2.257386	0.016257
genus	Desulfovibrio	872	48334	5670316	0.996910	2872975	0.438439	1.909540	0.013752
genus	Nitrosopumilus	338191	17464	1688138	0.997295	728982	0.781105	1.809295	0.013030
genus	Salmonella	590	310	30639	0.997211	20844	0.462401	1.622774	0.011687
genus	Tequatrovirus	10663	45	3966	0.996498	1977	0.775294	1.555294	0.011201
genus	Rhodopseudomonas	1073	42509	4205068	0.997257	2471418	0.561993	1.551235	0.011172
genus	Geobacter	28231	36965	4310076	0.996930	2463617	0.461888	1.523687	0.010973
genus	Tobamovirus	12234	66	8767	0.996223	4327	0.734760	1.488708	0.010721
genus	Acidovorax	12916	26450	2416603	0.997253	1240802	0.685463	1.335603	0.009619
genus	Faecalibacterium	216851	3400	311184	0.990743	100969	0.130087	1.335259	0.009616
genus	Phikzvirus	680115	155	14523	0.996496	7688	0.704739	1.331286	0.009588
genus	Gordonia	2053	30693	2479319	0.997404	1379196	0.503650	1.326294	0.009552
genus	Legionella	445	22447	3029694	0.996993	2427038	0.194523	1.051178	0.007570
genus	Mycobacterium	1763	14581	1148689	0.996984	853285	0.152737	0.997892	0.007187
genus	Obolenskvirus	1915205	181	16932	0.997288	10714	0.589556	0.931712	0.006710
genus	Halomonas	2745	20408	1941828	0.997317	1193876	0.548436	0.895026	0.006446
genus	Leptothrix	88	19534	1602509	0.997278	996332	0.527772	0.848873	0.006113
genus	Nitrospira	1234	22946	2569353	0.995188	151493	0.027827	0.649346	0.004676
genus	Treponema	157	2063	170700	0.996616	139955	0.108533	0.545225	0.003927
genus	Norovirus	142786	26	3836	0.995605	2472	0.331990	0.515176	0.003710
genus	Mastadenovirus	10509	116	14400	0.996519	10424	0.358966	0.495885	0.003571
genus	Betacoronavirus	694002	78	9236	0.995037	8147	0.225358	0.382836	0.002757
genus	Brevundimonas	41275	1704	156590	0.991716	113139	0.086286	0.371639	0.002676
genus	Thauera	33057	4274	377562	0.960954	51588	0.018751	0.368288	0.002652
genus	Betapolyomavirus	1891714	12	1449	0.988154	1404	0.236403	0.365645	0.002633
genus	Enterovirus	12059	14	1979	0.983844	1628	0.137495	0.279548	0.002013
genus	Sapovirus	95341	10	1423	0.987993	1274	0.172886	0.193106	0.001391
genus	Hepatovirus	12091	8	1149	0.985253	1067	0.154840	0.166739	0.001201
genus	Kobuvirus	194960	8	1202	0.983529	1087	0.148538	0.164253	0.001183
genus	Cosavirus	586418	6	900	0.981626	853	0.125607	0.132528	0.000954
genus	Aeromonas	642	84	6164	0.720224	926	0.008564	0.126442	0.000911
genus	Diaphorobacter	238749	197	21788	0.867126	2241	0.010087	0.114592	0.000825
genus	Alphacoronavirus	693996	20	2743	0.983125	2355	0.079484	0.107566	0.000775
genus	Metapneumovirus	162387	10	1385	0.976559	1072	0.083030	0.107273	0.000773
genus	Orthopneumovirus	1868215	4	180	0.803671	100	0.059418	0.106952	0.000770
genus	Human astrovirus - no_g_rank	Human astrovirus - no_g_rank	6	490	0.922335	490	0.106940	0.106940	0.000770
genus	Bocaparvovirus	1507401	4	503	0.945160	416	0.087597	0.105917	0.000763
genus	Respirovirus	186938	10	1433	0.971416	1022	0.070561	0.098937	0.000713
genus	Alphapapillomavirus	333750	6	635	0.957158	579	0.079522	0.087213	0.000628
genus	Xanthomonas	338	477	51437	0.918467	6254	0.007546	0.079067	0.000569
genus	Paslahepevirus	2948857	4	520	0.932126	431	0.061988	0.074788	0.000539
genus	Azoarcus	12960	1006	110289	0.889214	13110	0.003847	0.059885	0.000431
genus	Orthopoxvirus	10242	6	308	0.803030	276	0.031604	0.053300	0.000384
genus	Dechloromonas	73029	1081	102773	0.813979	9898	0.002036	0.050281	0.000362
genus	Aromatoleum	551759	705	65424	0.748774	7256	0.001910	0.041257	0.000297
genus	Alcaligenes	507	26	2047	0.613930	271	0.004562	0.034461	0.000248
genus	Hydrogenophaga	47420	914	75690	0.933202	8446	0.003265	0.030219	0.000218
genus	Carjivirus	2948652	14	1062	0.608940	200	0.005482	0.029109	0.000210
genus	Parazoarcus	2891322	763	79972	0.900208	9363	0.002828	0.028232	0.000203
genus	Betainfluenzavirus	197912	2	300	0.795705	282	0.020043	0.021322	0.000154
genus	Paracidovorax	3051137	117	7486	0.594774	1123	0.001680	0.019577	0.000141
genus	Sterolibacterium	157591	381	35162	0.861333	6038	0.003337	0.019434	0.000140
genus	Azospira	146937	335	19210	0.703481	3071	0.001498	0.016451	0.000118
genus	Vividuovirus	2560251	1	30	0.554964	30	0.015814	0.015814	0.000114
genus	Phycicoccus	367298	162	15085	0.757523	2846	0.002306	0.013561	0.000098
genus	Variovorax	34072	80	5952	0.554210	1271	0.001600	0.011483	0.000083
genus	Denitratisoma	311181	373	25848	0.610360	3276	0.000800	0.011326	0.000082
genus	Burkholderia	32008	109	8757	0.585986	1701	0.001281	0.010889	0.000078
genus	Campylobacter	194	8	445	0.538988	445	0.004792	0.010566	0.000076
genus	Rotavirus	10912	2	177	0.659539	177	0.010170	0.010170	0.000073
genus	Staphylococcus	1279	4	244	0.541928	244	0.008476	0.010167	0.000073
genus	Shewanella	22	22	1751	0.614810	484	0.002642	0.009560	0.000069
genus	Ferribacterium	88875	368	22942	0.591733	5119	0.000631	0.008943	0.000064
genus	Paralcaligenes	1148163	153	16449	0.607525	1698	0.000680	0.006586	0.000047
genus	Ideonella	36862	130	11845	0.602569	1497	0.000797	0.006305	0.000045
genus	Stutzerimonas	2901164	107	6826	0.527042	874	0.000396	0.006234	0.000045
genus	Quatrionicoccus	138117	195	11860	0.571431	1265	0.000563	0.005275	0.000038
genus	Delftia	80865	15	1550	0.514870	289	0.000708	0.004747	0.000034
genus	Kosakonia	1330547	40	2596	0.503576	138	0.000242	0.004549	0.000033
genus	Enterobacter	547	5	170	0.505079	71	0.001126	0.004334	0.000031
genus	Pedococcus	2805645	116	7533	0.634796	1790	0.001001	0.004211	0.000030
genus	Intrasporangium	53357	98	9019	0.560647	2010	0.000532	0.004161	0.000030
genus	Humibacter	427753	74	8435	0.560899	1182	0.000512	0.003652	0.000026
genus	Eponavirus	2733103	2	168	0.523028	103	0.002213	0.003609	0.000026
genus	Microbacterium	33882	44	4646	0.531489	1179	0.000497	0.003484	0.000025
genus	Advenella	290425	75	8651	0.527591	821	0.000315	0.003464	0.000025
genus	Oryzomicrobium	1911577	122	6299	0.536884	820	0.000433	0.003324	0.000024
genus	Blautia	572511	81	10623	0.713061	3442	0.001070	0.003303	0.000024
genus	Acidithiobacillus	119977	82	5891	0.507849	471	0.000488	0.003226	0.000023
genus	Pulveribacter	2678886	36	2834	0.509316	268	0.000296	0.003126	0.000023
genus	Pseudothauera	2891324	96	5257	0.535190	755	0.000432	0.003011	0.000022
genus	Chromobacterium	535	36	1961	0.504059	397	0.000459	0.002961	0.000021
genus	Thioalkalivibrio	106633	39	5208	0.540334	915	0.000469	0.002671	0.000019
genus	Nitrogeniibacter	2891294	134	6155	0.516521	976	0.000263	0.002582	0.000019
genus	Cupriavidus	106589	101	6120	0.500640	480	0.000050	0.002436	0.000018
genus	Sulfuricystis	3050898	39	2385	0.516428	471	0.000370	0.002133	0.000015
genus	Ferrovum	416212	58	5157	0.589786	1629	0.000670	0.002122	0.000015
genus	Castellaniella	359336	42	3243	0.521869	576	0.000346	0.001946	0.000014
genus	Oscillibacter	459786	30	4192	0.587293	1433	0.000664	0.001944	0.000014
genus	Lysobacter	68	44	2002	0.501501	182	0.000109	0.001782	0.000013
genus	Nocardioides	1839	63	2661	0.500608	681	0.000064	0.001651	0.000012
genus	Acanthamoeba castellanii medusavirus - no_g_rank	Acanthamoeba castellanii medusavirus - no_g_rank	12	540	0.500770	46	0.000135	0.001582	0.000011
genus	Rugosibacter	1914449	56	3653	0.520337	672	0.000290	0.001575	0.000011
genus	Methyloversatilis	378210	78	3682	0.511181	473	0.000202	0.001570	0.000011
genus	Methylococcus	413	21	2348	0.505924	473	0.000204	0.001567	0.000011
genus	Aquitalea	407217	29	2838	0.514845	536	0.000269	0.001564	0.000011
genus	Paraburkholderia	1822464	103	4296	0.500774	581	0.000058	0.001448	0.000010
genus	Xylella	2370	38	3112	0.510484	1429	0.000213	0.001417	0.000010
genus	Arthrobacter	1663	45	2467	0.504085	563	0.000159	0.001318	0.000009
genus	Tepidimonas	114248	56	1695	0.500397	63	0.000049	0.001305	0.000009
genus	Sphaerotilus	34102	45	2883	0.503495	351	0.000106	0.001234	0.000009
genus	Agrobacterium	357	6	537	0.502994	113	0.000255	0.001213	0.000009
genus	Niveibacterium	1769726	86	3910	0.509030	503	0.000154	0.001198	0.000009
genus	Teredinibacter	2425	83	5491	0.515103	756	0.000162	0.001176	0.000008
genus	Rhodoferax	28065	61	3745	0.501173	892	0.000056	0.001174	0.000008
genus	Corynebacterium	1716	37	1533	0.500531	345	0.000064	0.001152	0.000008
genus	Rhizobium	379	6	236	0.502088	74	0.000537	0.001144	0.000008
genus	Streptomyces	1883	19	1222	0.504156	536	0.000271	0.001137	0.000008
genus	Verminephrobacter	364316	43	3286	0.502805	276	0.000092	0.001098	0.000008
genus	Sideroxydans	314343	57	2417	0.501310	279	0.000074	0.001077	0.000008
genus	Achromobacter	222	24	1404	0.500683	389	0.000066	0.001057	0.000008
genus	Aquaspirillum	187	26	2663	0.509242	462	0.000182	0.001050	0.000008
genus	Thiomonas	32012	41	1444	0.500428	114	0.000056	0.001019	0.000007
genus	Serpentinimonas	2490452	19	1116	0.500601	130	0.000066	0.000992	0.000007
genus	Microlunatus	29404	42	3189	0.512463	684	0.000174	0.000925	0.000007
genus	Janibacter	53457	25	1167	0.510161	430	0.000266	0.000908	0.000007
genus	Barrientosiimonas	1535207	28	1133	0.501699	135	0.000104	0.000871	0.000006
genus	Sulfurimicrobium	2772198	64	2211	0.501773	190	0.000073	0.000847	0.000006
genus	Massilia	149698	29	1824	0.502042	556	0.000080	0.000793	0.000006
genus	Citricoccus	169133	5	389	0.501936	94	0.000188	0.000777	0.000006
genus	Chitinimonas	240411	48	1813	0.502482	260	0.000093	0.000755	0.000005
genus	Ferriphaselus	1443590	14	1538	0.505436	348	0.000165	0.000729	0.000005
genus	Neptunomonas	75687	20	2223	0.527740	944	0.000304	0.000715	0.000005
genus	Melaminivora	1649468	21	836	0.502604	199	0.000138	0.000715	0.000005
genus	Spiribacter	1335745	31	1119	0.500252	83	0.000039	0.000693	0.000005
genus	Porphyrobacter	1111	18	898	0.501492	128	0.000098	0.000690	0.000005
genus	Ornithinimicrobium	125287	23	1254	0.502004	423	0.000094	0.000686	0.000005
genus	Ahniella	2233801	50	3431	0.501115	234	0.000045	0.000654	0.000005
genus	Candidatus Symbiobacter	1436289	17	1589	0.502018	209	0.000085	0.000648	0.000005
genus	Sphingomonas	13687	21	1234	0.500450	127	0.000044	0.000632	0.000005
genus	Methylacidimicrobium	1541670	32	1148	0.501466	144	0.000078	0.000625	0.000005
genus	Methylomonas	416	29	1577	0.500247	103	0.000028	0.000603	0.000004
genus	Deinococcus	1298	27	1178	0.500136	83	0.000024	0.000569	0.000004
genus	Pusillimonas	305976	18	1318	0.503270	328	0.000114	0.000556	0.000004
genus	Dyella	231454	15	1351	0.500601	121	0.000048	0.000538	0.000004
genus	Celerinatantimonas	412033	56	1827	0.500163	66	0.000019	0.000525	0.000004
genus	Sulfuriferula	1778653	15	1276	0.505004	347	0.000142	0.000524	0.000004
genus	Helicobacter	209	13	468	0.500180	38	0.000037	0.000452	0.000003
genus	Nitrosospira	35798	37	1265	0.500500	105	0.000037	0.000451	0.000003
genus	Synechococcus	1129	15	991	0.500364	88	0.000040	0.000450	0.000003
genus	Brevibacterium	1696	10	648	0.501819	187	0.000106	0.000448	0.000003
genus	Pseudoxanthomonas	83618	11	484	0.500251	47	0.000043	0.000442	0.000003
genus	Laribacter	168470	13	890	0.500325	78	0.000038	0.000435	0.000003
genus	Methylotuvimicrobium	2822410	12	680	0.500222	57	0.000036	0.000433	0.000003
genus	Paucibacter	318147	23	1216	0.500557	121	0.000040	0.000404	0.000003
genus	Trichlorobacter	115782	23	1025	0.500208	114	0.000025	0.000386	0.000003
genus	Dermabacter	36739	10	505	0.500237	51	0.000039	0.000384	0.000003
genus	Acidihalobacter	1765964	17	930	0.501801	266	0.000081	0.000380	0.000003
genus	Chlamydia	810	10	371	0.500175	38	0.000038	0.000367	0.000003
genus	Massilistercora	2717089	6	789	0.502147	208	0.000097	0.000367	0.000003
genus	Alysiella	194195	13	533	0.500145	84	0.000029	0.000358	0.000003
genus	Defluviicoccus	111830	15	1082	0.500222	77	0.000025	0.000356	0.000003
genus	Rhodovastum	504465	30	1476	0.500746	161	0.000038	0.000352	0.000003
genus	Aquabacterium	92793	17	544	0.500086	32	0.000021	0.000350	0.000003
genus	Ottowia	219181	13	603	0.500532	89	0.000052	0.000349	0.000003
genus	Berryella	2815775	6	477	0.500659	93	0.000067	0.000343	0.000002
genus	Shinella	323620	14	662	0.500449	83	0.000042	0.000333	0.000002
genus	Capillimicrobium	2976759	15	909	0.500167	64	0.000023	0.000326	0.000002
genus	Gilliamella	1193503	12	625	0.500171	55	0.000028	0.000313	0.000002
genus	Tetrasphaera	99479	11	538	0.501374	145	0.000084	0.000313	0.000002
genus	Pantoea	53335	5	282	0.500677	226	0.000113	0.000312	0.000002
genus	Inhella	644355	24	770	0.500229	66	0.000027	0.000311	0.000002
genus	Marmoricola	86795	9	405	0.500729	88	0.000067	0.000310	0.000002
genus	Acidiferrobacter	986106	14	532	0.500442	77	0.000044	0.000306	0.000002
genus	Haliovirga	3072462	15	628	0.500220	59	0.000029	0.000305	0.000002
genus	Trueperella	1069494	12	361	0.500404	61	0.000051	0.000303	0.000002
genus	Candidatus Thioglobus	655184	12	387	0.500124	35	0.000027	0.000303	0.000002
genus	Brooklawnia	369926	9	617	0.500312	76	0.000037	0.000300	0.000002
genus	Sulfuricaulis	1744881	17	578	0.500697	102	0.000053	0.000298	0.000002
genus	Sneathiella	510690	21	1093	0.500111	94	0.000016	0.000293	0.000002
genus	Bradyrhizobium	374	20	1249	0.500120	145	0.000021	0.000289	0.000002
genus	Ramlibacter	174951	11	416	0.500123	38	0.000026	0.000287	0.000002
genus	Paenalcaligenes	1100891	14	674	0.500175	61	0.000026	0.000282	0.000002
genus	Herbaspirillum	963	14	614	0.500122	121	0.000021	0.000279	0.000002
genus	Geomonas	2651583	23	1141	0.500081	84	0.000014	0.000277	0.000002
genus	Starkeya	152053	18	869	0.500241	80	0.000025	0.000270	0.000002
genus	Agrococcus	46352	8	241	0.500132	31	0.000033	0.000257	0.000002
genus	Cellulomonas	1707	8	319	0.500210	78	0.000048	0.000255	0.000002
genus	Capnocytophaga	1016	6	234	0.500202	39	0.000042	0.000251	0.000002
genus	Geothrix	44675	10	545	0.500788	125	0.000057	0.000249	0.000002
genus	Sorangium	39643	24	863	0.500050	84	0.000011	0.000246	0.000002
genus	Vibrio phage PWH3a-P1 - no_g_rank	Vibrio phage PWH3a-P1 - no_g_rank	1	30	0.500953	30	0.000244	0.000244	0.000002
genus	Thiodictyon	53392	23	1331	0.500280	116	0.000021	0.000244	0.000002
genus	Sphingobium	165695	6	426	0.501876	206	0.000105	0.000241	0.000002
genus	Dichelobacter	869	2	273	0.501703	137	0.000119	0.000238	0.000002
genus	Polaromonas	52972	18	714	0.500540	148	0.000037	0.000230	0.000002
genus	Vitreoscilla	59	16	567	0.500542	104	0.000042	0.000229	0.000002
genus	Serinicoccus	265976	6	267	0.500344	99	0.000053	0.000229	0.000002
genus	Kocuria	57493	7	559	0.500379	88	0.000036	0.000229	0.000002
genus	Pseudogulbenkiania	568394	6	497	0.501132	156	0.000072	0.000228	0.000002
genus	Jatrophihabitans	1434010	8	603	0.500679	132	0.000049	0.000226	0.000002
genus	Leucobacter	55968	7	472	0.500257	71	0.000033	0.000218	0.000002
genus	Rhodococcus	1827	3	131	0.501202	96	0.000175	0.000216	0.000002
genus	Caldimonas	196013	9	350	0.500149	73	0.000029	0.000216	0.000002
genus	Methylovulum	762296	25	899	0.500037	36	0.000008	0.000208	0.000001
genus	Micropruina	116071	9	463	0.501176	153	0.000068	0.000207	0.000001
genus	Rahnella	34037	8	384	0.500248	62	0.000033	0.000205	0.000001
genus	Thermanaerovibrio	81461	10	300	0.500079	30	0.000020	0.000202	0.000001
genus	Thiohalobacter	1273155	2	118	0.500663	59	0.000100	0.000200	0.000001
genus	Glutamicibacter	1742989	5	367	0.502807	225	0.000120	0.000196	0.000001
genus	Tessaracoccus	72763	9	342	0.501852	197	0.000088	0.000193	0.000001
genus	Alicycliphilus	201096	8	280	0.500109	35	0.000024	0.000192	0.000001
genus	Aquibium	2911176	19	570	0.500039	30	0.000010	0.000190	0.000001
genus	Leifsonia	110932	6	226	0.500166	39	0.000033	0.000190	0.000001
genus	Lacipirellula	2691417	11	1048	0.500450	151	0.000027	0.000189	0.000001
genus	Pseudazoarcus	2891323	8	297	0.501020	114	0.000070	0.000182	0.000001
genus	Marisediminicola	1230698	10	340	0.500078	34	0.000018	0.000177	0.000001
genus	Ruthenibacterium	1905344	5	638	0.501355	206	0.000057	0.000177	0.000001
genus	Hymenobacter	89966	2	62	0.500356	31	0.000088	0.000177	0.000001
genus	Verrucomicrobium	2735	15	478	0.500049	32	0.000012	0.000174	0.000001
genus	Cronobacter	413496	1	105	0.501774	105	0.000173	0.000173	0.000001
genus	Orrella	1921582	15	583	0.500323	136	0.000027	0.000172	0.000001
genus	Allochromatium	85072	4	221	0.501282	125	0.000095	0.000169	0.000001
genus	Gloeomargarita	1188227	15	451	0.500046	31	0.000011	0.000166	0.000001
genus	Liberibacter	34019	5	165	0.500140	33	0.000033	0.000163	0.000001
genus	Chitinolyticbacter	1055692	14	425	0.500195	63	0.000024	0.000161	0.000001
genus	Nocardia	1817	18	730	0.500286	147	0.000025	0.000161	0.000001
genus	Janthinobacterium	29580	14	439	0.500211	98	0.000024	0.000154	0.000001
genus	Pararhodospirillum	1612157	3	423	0.501068	172	0.000061	0.000151	0.000001
genus	Ectothiorhodosinus	233099	7	252	0.500404	72	0.000043	0.000151	0.000001
genus	Methylobacterium	407	10	365	0.500094	132	0.000017	0.000148	0.000001
genus	Gemmobacter	204456	11	368	0.500071	71	0.000015	0.000145	0.000001
genus	Pigmentiphaga	152267	18	614	0.500421	122	0.000028	0.000139	0.000001
genus	Rhizobacter	212743	13	390	0.500041	60	0.000010	0.000136	0.000001
genus	Terriglobus	392733	22	769	0.500031	37	0.000007	0.000135	0.000001
genus	Gallionella	96	9	337	0.500281	76	0.000029	0.000129	0.000001
genus	Flavonifractor	946234	5	433	0.501209	177	0.000053	0.000129	0.000001
genus	Bordetella	517	8	248	0.500063	93	0.000016	0.000125	0.000001
genus	Pandoraea	93217	10	394	0.500363	98	0.000031	0.000124	0.000001
genus	Fluviibacter	2808942	4	231	0.500807	119	0.000063	0.000123	0.000001
genus	Oceanisphaera	225143	4	338	0.500522	122	0.000044	0.000121	0.000001
genus	Vescimonas	2892396	3	203	0.500530	92	0.000054	0.000119	0.000001
genus	Casimicrobium	2706000	11	377	0.500211	72	0.000023	0.000119	0.000001
genus	Beutenbergia	84756	3	240	0.500630	108	0.000053	0.000118	0.000001
genus	Usitatibacter	2803845	7	290	0.500392	120	0.000037	0.000118	0.000001
genus	Cellulosimicrobium	157920	2	116	0.501462	116	0.000117	0.000117	0.000001
genus	Sulfurospirillum	57665	9	270	0.500051	30	0.000013	0.000117	0.000001
genus	Acetobacter	434	9	272	0.500056	32	0.000014	0.000116	0.000001
genus	Sulfuricella	935200	9	285	0.500071	37	0.000015	0.000116	0.000001
genus	Undibacterium	401469	11	428	0.500408	116	0.000029	0.000105	0.000001
genus	Nitrospina	35800	6	259	0.500101	46	0.000018	0.000103	0.000001
genus	Mycoplasmopsis	2767358	2	66	0.500218	33	0.000051	0.000102	0.000001
genus	Pseudodesulfovibrio	2035811	6	186	0.500068	31	0.000017	0.000102	0.000001
genus	Eleftheria	1597779	4	356	0.500235	89	0.000025	0.000102	0.000001
genus	Rhodospirillum	1081	6	234	0.500519	133	0.000044	0.000101	0.000001
genus	Mediterraneibacter	2316020	5	270	0.500132	108	0.000020	0.000100	0.000001
genus	Eubacterium	1730	4	225	0.501016	141	0.000063	0.000100	0.000001
genus	Nitrosarchaeum	1007082	1	133	0.501252	133	0.000097	0.000097	0.000001
genus	Tepidiforma	2682228	3	142	0.500187	48	0.000033	0.000097	0.000001
genus	Hydrogenophilus	70774	2	167	0.500911	126	0.000071	0.000094	0.000001
genus	Rubrobacter	42255	6	186	0.500062	31	0.000015	0.000092	0.000001
genus	Halopseudomonas	2901189	3	209	0.500339	159	0.000037	0.000092	0.000001
genus	Crossiella	130795	11	342	0.500043	36	0.000009	0.000087	0.000001
genus	Anatilimnocola	2807414	17	712	0.500028	43	0.000005	0.000087	0.000001
genus	Calothrix	1186	14	433	0.500024	31	0.000006	0.000082	0.000001
genus	Actinopolymorpha	117156	5	295	0.500139	66	0.000018	0.000082	0.000001
genus	Actinomyces	1654	4	127	0.500086	32	0.000021	0.000082	0.000001
genus	Chitiniphilus	585890	4	196	0.500615	114	0.000047	0.000081	0.000001
genus	Lactiplantibacillus	2767842	1	58	0.500500	58	0.000080	0.000080	0.000001
genus	Desulfosarcina	2299	12	465	0.500057	92	0.000009	0.000077	0.000001
genus	Marinobacterium	48075	8	252	0.500040	62	0.000010	0.000077	0.000001
genus	Acaryochloris	155977	2	106	0.500336	66	0.000045	0.000072	0.000001
genus	Allobranchiibius	2040262	3	137	0.500479	89	0.000047	0.000072	0.000001
genus	Caldilinea	233191	9	324	0.500035	36	0.000008	0.000072	0.000001
genus	Pleionea	1502941	9	289	0.500035	33	0.000008	0.000072	0.000001
genus	Woeseia	1738655	8	248	0.500140	62	0.000017	0.000070	0.000001
genus	Paenibacillus	44249	9	307	0.500091	104	0.000010	0.000069	0.000000
genus	Solimonas	413435	6	210	0.500052	35	0.000011	0.000069	0.000000
genus	Guyparkeria	2035712	3	105	0.500098	35	0.000022	0.000067	0.000000
genus	Actinomadura	1988	5	205	0.500071	41	0.000013	0.000067	0.000000
genus	Dickeya	204037	1	34	0.500293	34	0.000066	0.000066	0.000000
genus	Paracoccus	265	4	136	0.500076	70	0.000017	0.000065	0.000000
genus	Simplicispira	352450	5	150	0.500051	30	0.000013	0.000065	0.000000
genus	Erwinia	551	3	168	0.500319	168	0.000034	0.000064	0.000000
genus	Acidiphilium	522	1	35	0.500286	35	0.000063	0.000063	0.000000
genus	Paludibacterium	400060	6	186	0.500042	31	0.000010	0.000062	0.000000
genus	Mycolicibacterium	1866885	3	92	0.500083	31	0.000021	0.000061	0.000000
genus	Roseateles	93681	5	210	0.500089	50	0.000014	0.000061	0.000000
genus	Lautropia	47670	4	121	0.500061	31	0.000015	0.000060	0.000000
genus	Marinobacter	2742	4	197	0.500223	119	0.000025	0.000060	0.000000
genus	Gloeobacter	33071	5	233	0.500075	49	0.000013	0.000060	0.000000
genus	Magnetospirillum	13134	3	157	0.500627	157	0.000046	0.000060	0.000000
genus	Ectothiorhodospira	1051	2	90	0.500165	45	0.000029	0.000059	0.000000
genus	Slackia	84108	3	153	0.500114	51	0.000020	0.000059	0.000000
genus	Sanguibacter	60919	3	111	0.500088	37	0.000019	0.000058	0.000000
genus	Actinotignum	1653174	2	101	0.500268	66	0.000038	0.000058	0.000000
genus	Sphingopyxis	165697	4	129	0.500060	33	0.000014	0.000056	0.000000
genus	Piscinibacter	1114981	5	177	0.500052	37	0.000012	0.000056	0.000000
genus	Methylophilus	16	2	119	0.500221	68	0.000031	0.000055	0.000000
genus	Crenobacter	1654931	2	86	0.500146	43	0.000027	0.000055	0.000000
genus	Rugamonas	212744	2	138	0.500204	71	0.000028	0.000054	0.000000
genus	Thiocystis	13724	4	192	0.500094	55	0.000015	0.000054	0.000000
genus	Salinisphaera	180541	5	154	0.500043	31	0.000011	0.000053	0.000000
genus	Hungatella	1649459	7	315	0.500288	117	0.000020	0.000053	0.000000
genus	Acuticoccus	1904377	6	180	0.500034	30	0.000009	0.000052	0.000000
genus	Haliangium	162027	9	297	0.500025	33	0.000006	0.000052	0.000000
genus	Pistricoccus	1897649	1	119	0.500549	119	0.000047	0.000047	0.000000
genus	Luteimicrobium	754249	2	80	0.500131	44	0.000025	0.000045	0.000000
genus	Cyanobium	167375	2	82	0.500110	42	0.000023	0.000045	0.000000
genus	Jeongeupia	885864	2	82	0.500112	41	0.000022	0.000044	0.000000
genus	Barnesiella	397864	3	105	0.500061	35	0.000014	0.000042	0.000000
genus	Emergencia	1926556	4	164	0.500049	82	0.000010	0.000041	0.000000
genus	Oenococcus	46254	1	66	0.500282	66	0.000040	0.000040	0.000000
genus	Aureimonas	414371	1	80	0.500343	80	0.000040	0.000040	0.000000
genus	Methylomarinovum	1486720	2	61	0.500080	31	0.000020	0.000039	0.000000
genus	Xylophilus	54066	2	96	0.500114	50	0.000020	0.000038	0.000000
genus	Frankia	1854	4	120	0.500037	30	0.000009	0.000038	0.000000
genus	Listeria	1637	3	97	0.500055	33	0.000013	0.000037	0.000000
genus	Kribbella	182639	2	121	0.500105	61	0.000018	0.000035	0.000000
genus	Marinomonas	28253	3	123	0.500117	59	0.000017	0.000035	0.000000
genus	Pseudocitrobacter	1504576	1	65	0.500250	65	0.000033	0.000033	0.000000
genus	Cellvibrio	10	4	121	0.500031	61	0.000008	0.000031	0.000000
genus	Cystobacter	42	7	210	0.500017	30	0.000004	0.000031	0.000000
genus	Lichenicola	2804525	2	133	0.500247	100	0.000023	0.000031	0.000000
genus	Urbifossiella	2807415	3	136	0.500087	59	0.000013	0.000030	0.000000
genus	Pseudoduganella	1522432	2	76	0.500070	38	0.000015	0.000030	0.000000
genus	Limnohabitans	665874	2	64	0.500061	32	0.000015	0.000029	0.000000
genus	Thiobacillus	919	2	64	0.500060	32	0.000014	0.000029	0.000000
genus	Methylotenera	359407	1	77	0.500226	77	0.000028	0.000028	0.000000
genus	Desulfobacca	60892	2	84	0.500069	42	0.000014	0.000028	0.000000
genus	Cellulophaga	104264	1	32	0.500116	32	0.000028	0.000028	0.000000
genus	Moorella	44260	2	78	0.500073	42	0.000015	0.000028	0.000000
genus	Candidatus Reidiella	2738850	1	80	0.500212	80	0.000027	0.000027	0.000000
genus	Maricaulis	74317	1	68	0.500190	68	0.000027	0.000027	0.000000
genus	Corallococcus	83461	2	72	0.500059	36	0.000013	0.000027	0.000000
genus	Tistrella	171436	2	93	0.500076	49	0.000014	0.000026	0.000000
genus	Kushneria	504090	1	46	0.500135	46	0.000026	0.000026	0.000000
genus	Citrobacter	544	1	44	0.500134	44	0.000026	0.000026	0.000000
genus	Dermacoccus	57495	1	38	0.500118	38	0.000025	0.000025	0.000000
genus	Desulfobulbus	893	2	76	0.500057	38	0.000012	0.000024	0.000000
genus	Arcobacter	28196	1	38	0.500118	38	0.000024	0.000024	0.000000
genus	Oricola	1594166	2	60	0.500046	30	0.000012	0.000024	0.000000
genus	Methylobacter	429	1	100	0.500245	100	0.000023	0.000023	0.000000
genus	Wenzhouxiangella	1676142	2	66	0.500051	34	0.000012	0.000022	0.000000
genus	Acidipropionibacterium	1912215	1	36	0.500098	36	0.000022	0.000022	0.000000
genus	Jonquetella	428711	1	32	0.500092	32	0.000022	0.000022	0.000000
genus	Mycetohabitans	2571159	1	56	0.500129	56	0.000022	0.000022	0.000000
genus	Micromonospora	1873	1	35	0.500097	35	0.000021	0.000021	0.000000
genus	Halorhodospira	85108	1	35	0.500090	35	0.000021	0.000021	0.000000
genus	Roseovarius	74030	1	70	0.500188	70	0.000021	0.000021	0.000000
genus	Halobellus	1073986	1	31	0.500082	31	0.000020	0.000020	0.000000
genus	Leminorella	82980	2	60	0.500039	30	0.000010	0.000020	0.000000
genus	Hahella	158481	2	63	0.500040	32	0.000010	0.000019	0.000000
genus	Polaribacter	52959	1	40	0.500099	40	0.000019	0.000019	0.000000
genus	Salipiger	263377	1	45	0.500096	45	0.000019	0.000019	0.000000
genus	Myroides	76831	1	31	0.500076	31	0.000019	0.000019	0.000000
genus	Enterocloster	2719313	1	72	0.500134	72	0.000018	0.000018	0.000000
genus	Brenneria	71655	1	41	0.500089	41	0.000018	0.000018	0.000000
genus	Subdoligranulum	292632	1	43	0.500094	43	0.000018	0.000018	0.000000
genus	Iodobacter	32014	2	60	0.500033	30	0.000009	0.000017	0.000000
genus	Sulfurifustis	1692042	1	43	0.500086	43	0.000017	0.000017	0.000000
genus	Oxalobacter	846	1	32	0.500065	32	0.000016	0.000016	0.000000
genus	Aurantimonas	182269	1	32	0.500064	32	0.000015	0.000015	0.000000
genus	Deefgea	400947	1	43	0.500082	43	0.000015	0.000015	0.000000
genus	Steroidobacter	469322	1	39	0.500077	39	0.000015	0.000015	0.000000
genus	Skermania	59613	1	34	0.500067	34	0.000015	0.000015	0.000000
genus	Noviherbaspirillum	1344552	1	41	0.500071	41	0.000015	0.000015	0.000000
genus	Amycolatopsis	1813	1	38	0.500070	38	0.000014	0.000014	0.000000
genus	Kerstersia	257820	1	35	0.500058	35	0.000013	0.000013	0.000000
genus	Lacticaseibacillus	2759736	1	31	0.500050	31	0.000013	0.000013	0.000000
genus	Luteipulveratus	745364	1	42	0.500062	42	0.000013	0.000013	0.000000
genus	Labrenzia	478070	1	51	0.500069	51	0.000012	0.000012	0.000000
genus	Aquincola	391952	1	36	0.500054	36	0.000012	0.000012	0.000000
genus	Ralstonia	48736	1	31	0.500049	31	0.000012	0.000012	0.000000
genus	Kaustia	2838250	1	31	0.500048	31	0.000012	0.000012	0.000000
genus	Aquirhabdus	2824158	1	37	0.500050	37	0.000011	0.000011	0.000000
genus	Lignipirellula	2795775	2	85	0.500028	44	0.000005	0.000010	0.000000
genus	Alicyclobacillus	29330	1	32	0.500043	32	0.000010	0.000010	0.000000
genus	Litorilituus	1407056	1	36	0.500045	36	0.000010	0.000010	0.000000
genus	Jejubacter	2815296	1	30	0.500039	30	0.000010	0.000010	0.000000
genus	Bdellovibrio	958	1	35	0.500043	35	0.000010	0.000010	0.000000
genus	Desulfocurvibacter	2582840	1	33	0.500042	33	0.000010	0.000010	0.000000
genus	Archangium	47	2	71	0.500027	40	0.000006	0.000010	0.000000
genus	Pseudemcibacter	2943291	1	30	0.500038	30	0.000010	0.000010	0.000000
genus	Pontibacter	323449	1	38	0.500045	38	0.000010	0.000010	0.000000
genus	Chloroflexus	1107	1	44	0.500048	44	0.000009	0.000009	0.000000
genus	Aliamphritea	3018276	1	39	0.500046	39	0.000009	0.000009	0.000000
genus	Flavisolibacter	398041	1	42	0.500047	42	0.000009	0.000009	0.000000
genus	Methylocystis	133	1	30	0.500035	30	0.000009	0.000009	0.000000
genus	Luteolibacter	518753	1	50	0.500053	50	0.000009	0.000009	0.000000
genus	Trichormus	264688	1	32	0.500036	32	0.000009	0.000009	0.000000
genus	Chryseolinea	1433993	2	64	0.500019	33	0.000004	0.000008	0.000000
genus	Gemmatimonas	173479	1	32	0.500034	32	0.000008	0.000008	0.000000
genus	Mucilaginibacter	423349	1	31	0.500033	31	0.000008	0.000008	0.000000
genus	Gimesia	1649453	1	50	0.500041	50	0.000007	0.000007	0.000000
genus	Mesobacillus	2675231	1	31	0.500025	31	0.000006	0.000006	0.000000
genus	Spartinivicinus	2768738	1	32	0.500022	32	0.000005	0.000005	0.000000
species	Nitrosomonas europaea	915	64543	6657664	0.997042	397854	0.972762	16.278146	0.117231
species	Parvicella tangerina	2829795	414470	56147605	0.996983	3696179	0.997717	15.156042	0.109150
species	Comamonas testosteroni	285	64068	5419209	0.997430	715518	0.916631	7.771201	0.055966
species	Methanothrix soehngenii	2223	41045	5265187	0.996739	693754	0.984516	7.471901	0.053811
species	Escherichia coli	562	5956	590569	0.994360	415116	0.096728	7.171598	0.051648
species	Flavobacterium johnsoniae	986	65128	6103703	0.997290	1194423	0.743448	5.705955	0.041093
species	Acinetobacter johnsonii	40214	24895	2183276	0.980306	469279	0.126357	5.466711	0.039370
species	Pseudomonas aeruginosa	287	8033	767237	0.997019	448343	0.208730	5.254991	0.037845
species	Bacteroides fragilis	817	145856	16422996	0.996996	7441234	0.358874	5.158543	0.037150
species	Aliarcobacter butzleri	28197	55029	4897045	0.997285	1528696	0.609343	5.033543	0.036250
species	Bifidobacterium longum	216816	25368	2480987	0.997110	1286062	0.502053	4.928372	0.035493
species	Methanosarcina barkeri	2208	117467	11072885	0.996825	2893245	0.761568	4.753918	0.034236
species	Klebsiella pneumoniae	573	326	33210	0.996812	12956	0.669116	4.468375	0.032180
species	Enterococcus faecalis	1351	13485	1382843	0.995157	878252	0.149251	4.410502	0.031763
species	Nitrososphaera viennensis	1034015	63505	6812995	0.997166	1725160	0.946038	3.751160	0.027015
species	Clostridium perfringens	1502	10461	1009673	0.997114	491502	0.394416	3.064939	0.022073
species	Methanospirillum hungatei	2203	60548	8097493	0.996917	2866258	0.891660	2.522250	0.018165
species	Sulfuritalea hydrogenivorans	748811	52374	5088082	0.997261	1906123	0.845673	2.257386	0.016257
species	Desulfovibrio vulgaris	881	48332	5670254	0.996910	2872944	0.438439	1.909489	0.013752
species	Nitrosopumilus maritimus	338192	17461	1687959	0.997295	728803	0.781105	1.809094	0.013029
species	Salmonella enterica	28901	309	30604	0.997211	20809	0.462401	1.622744	0.011687
species	Tequatrovirus T4	10665	45	3966	0.996498	1977	0.775294	1.555294	0.011201
species	Rhodopseudomonas palustris	1076	42509	4205068	0.997257	2471418	0.561993	1.551235	0.011172
species	Geobacter sulfurreducens	35554	36965	4310076	0.996930	2463617	0.461888	1.523687	0.010973
species	Pepper mild mottle virus	12239	66	8767	0.996223	4327	0.734760	1.488708	0.010721
species	Acidovorax temperans	80878	26423	2415140	0.997253	1240295	0.685463	1.334754	0.009613
species	Phikzvirus phiKZ	169683	155	14523	0.996496	7688	0.704739	1.331286	0.009588
species	Gordonia terrae	2055	30687	2479026	0.997404	1379084	0.503650	1.326176	0.009551
species	Legionella pneumophila	446	22446	3029664	0.996993	2427008	0.194523	1.051166	0.007570
species	Mycobacterium avium	1764	14572	1148318	0.996984	853026	0.152737	0.997723	0.007185
species	Obolenskvirus AP22	1915209	181	16932	0.997288	10714	0.589556	0.931712	0.006710
species	Halomonas elongata	2746	20408	1941828	0.997317	1193876	0.548436	0.895026	0.006446
species	Leptothrix cholodnii	34029	19534	1602509	0.997278	996332	0.527772	0.848873	0.006113
species	Faecalibacterium prausnitzii	853	2383	226056	0.990743	74389	0.130087	0.808076	0.005820
species	Treponema denticola	158	2062	170665	0.996616	139920	0.108533	0.545191	0.003926
species	Nitrospira tepida	2973512	18147	2087465	0.995188	112009	0.027827	0.518607	0.003735
species	Norwalk virus	11983	26	3836	0.995605	2472	0.331990	0.515176	0.003710
species	Human mastadenovirus F	130309	116	14400	0.996519	10424	0.358966	0.495885	0.003571
species	Faecalibacterium sp. IP-1-18	2929488	213	15199	0.988774	4767	0.099482	0.317188	0.002284
species	Brevundimonas diminuta	293	1439	134371	0.991716	98328	0.086286	0.297033	0.002139
species	Severe acute respiratory syndrome-related coronavirus	694009	52	6917	0.995037	6173	0.225358	0.252519	0.001819
species	Betapolyomavirus secuhominis	1891763	8	1036	0.988154	991	0.236403	0.247137	0.001780
species	Sapporo virus	95342	10	1423	0.987993	1274	0.172886	0.193106	0.001391
species	Enterovirus D	138951	8	1200	0.983844	989	0.137495	0.166829	0.001201
species	Hepatovirus A	12092	8	1149	0.985253	1067	0.154840	0.166739	0.001201
species	Thauera sp. PIV-1	204461	1100	114460	0.960954	12876	0.018751	0.166683	0.001200
species	Aichivirus A	72149	8	1202	0.983529	1087	0.148538	0.164253	0.001183
species	Cosavirus A	1330491	6	900	0.981626	853	0.125607	0.132528	0.000954
species	Betacoronavirus 1	694003	26	2319	0.987368	1974	0.097114	0.130317	0.000939
species	Betapolyomavirus hominis	1891762	4	413	0.961378	413	0.118508	0.118508	0.000853
species	Enterovirus C	138950	6	779	0.963479	639	0.092461	0.112719	0.000812
species	Human coronavirus 229E	11137	20	2743	0.983125	2355	0.079484	0.107566	0.000775
species	Metapneumovirus hominis	3048148	10	1385	0.976559	1072	0.083030	0.107273	0.000773
species	Respirovirus pneumoniae	3049953	10	1433	0.971416	1022	0.070561	0.098937	0.000713
species	Alphapapillomavirus 9	337041	6	635	0.957158	579	0.079522	0.087213	0.000628
species	Faecalibacterium sp. I4-1-79	2929494	315	26893	0.966883	7573	0.021840	0.077559	0.000559
species	Brevundimonas vancanneytii	1325724	164	13763	0.983933	9265	0.039509	0.058689	0.000423
species	Thauera sp. MZ1T	85643	1109	89511	0.954454	10774	0.006842	0.056846	0.000409
